{"global_step": 6144, "_timestamp": 1724071722.431204, "_runtime": 760.4221160411835, "_step": 3, "charts/learning_rate": 0.0002987704938277602, "losses/value_loss": 0.06840115040540695, "losses/policy_loss": 0.08922991156578064, "losses/entropy": 2.921328544616699, "losses/old_approx_kl": 0.0847930908203125, "losses/approx_kl": 0.09130359441041946, "losses/clipfrac": 0.4075683653354645, "losses/explained_variance": -0.00203549861907959, "charts/SPS": 8.0, "_wandb": {"runtime": 950}}